Anno;CAP;totale_veicoli;BENZINA;BENZINA E GAS LIQUIDO;BENZINA E METANO;ELETTRICITA;GASOLIO;IBRIDO BENZINA;IBRIDO GASOLIO;METANO;ALTRE ALIMENTAZIONI;ALIMENTAZIONE NON DEFINITO;18 - 25 ANNI;26 - 35 ANNI;36 - 50 ANNI;51 - 60 ANNI;61 - 70 ANNI;0 - 17 ANNI;ETÀ NON CONTEMPLATO;ETÀ NON DEFINITO;OLTRE 70 ANNI;EURO 0;EURO 1;EURO 2;EURO 3;EURO 4;EURO 5;EURO 5B;EURO 6;EURO 6A;EURO 6B;EURO 6C;EURO 6D;EURO NON CONTEMPLATO;EURO NON DEFINITO;SESSO FEMMINILE;SESSO MASCHILE;SESSO ND;SOCIETÀ PA;SOCIETÀ SAPA;SOCIETÀ SAS;SOCIETÀ SNC;SOCIETÀ SOC;SOCIETÀ SPA;SOCIETÀ SRL;SOCIETÀ SURL;SRLS;ANZIANITÀ VEICOLO 0 - 1 ANNI;ANZIANITÀ VEICOLO 2 – 3 ANNI;ANZIANITÀ VEICOLO 4 – 5 ANNI;ANZIANITÀ VEICOLO 6 – 7 ANNI;ANZIANITÀ VEICOLO 8 – 9 ANNI;ANZIANITÀ VEICOLO 10 - 12 ANNI;ANZIANITÀ VEICOLO 13 - 15 ANNI;ANZIANITÀ VEICOLO OLTRE 15 ANNI;ANZIANITÀ VEICOLO NON DEFINITO
2019;40129;10021;4444;1376;674;3;3263;251;9;;;1;184;1043;2885;2310;1499;;536;5;1559;651;146;610;958;2893;2058;;2700;;;;;3;2;3656;5829;3;;;54;49;97;93;240;;;1100;1191;931;806;975;1579;1196;2240;3
2019;40136;5249;2604;307;171;24;1803;328;12;;;;91;349;1169;1214;1078;;327;11;1010;442;85;253;343;1123;1132;;1846;;;;;24;1;2249;2673;1;;;27;14;49;14;222;;;706;826;612;424;501;668;448;1059;5
2020;40126;5518;2583;459;242;15;1884;274;19;41;1;;47;650;1276;1022;958;;649;7;909;495;96;268;389;1307;1089;;1854;;;;;15;5;2053;2816;18;28;;58;48;120;140;237;;;625;676;607;422;450;765;621;1347;5
2020;40128;17969;7525;2294;1066;27;6110;718;27;201;;1;258;1803;5068;3630;2524;;1780;13;2893;934;253;869;1379;4628;3663;;6212;;;;;27;4;6190;9999;6;7;;64;93;234;753;618;2;3;2070;2378;1953;1502;1526;2551;2221;3763;5
2020;40135;5033;2508;413;227;17;1498;306;16;48;;;63;437;1151;1096;937;1;192;4;1152;321;52;194;292;1158;1047;;1951;;;;;17;1;2095;2746;;2;;26;20;58;2;76;;8;643;712;620;445;445;660;590;917;1
2020;40138;19493;8167;2216;1150;48;6535;922;234;221;;;253;1919;4698;3858;2906;2;3015;21;2821;1004;272;840;1410;4618;3788;;7510;;;;;48;3;6774;9704;;34;;110;240;206;954;1469;;2;3017;2564;2150;1608;1486;2661;2202;3802;3
2021;40127;15713;6604;2078;994;53;4949;787;43;204;;1;257;1749;4087;3303;2398;2;1076;24;2817;1073;231;792;1176;3886;3012;;5489;;;;;53;1;5615;9022;5;26;;116;107;126;257;435;1;3;1486;1783;1743;1348;1131;2156;2002;4060;4
2021;40129;9936;4259;1441;572;27;3048;452;27;109;;1;189;1005;2758;2317;1602;;490;7;1568;620;133;483;753;2472;1942;;3504;;;;;27;2;3704;5742;3;;;46;39;83;82;233;;4;839;1152;1147;880;761;1438;1230;2486;3
2021;40131;14615;6256;1861;715;102;4636;829;52;164;;;213;1562;3818;2886;2151;;1451;17;2517;803;246;691;1134;3427;2764;;5446;;;;;102;2;5216;7948;2;1;;61;56;71;25;1228;;7;1498;1672;1737;1354;1085;1923;1819;3525;2
2021;40132;14769;6277;1864;904;47;4711;696;39;231;;;274;1454;4114;3199;2266;1;804;12;2645;756;195;565;935;3366;2982;;5921;;;;;47;2;5512;8453;;;;46;58;49;188;453;;10;1439;1965;1878;1523;1150;1974;1798;3040;2
2021;40138;18824;7840;2148;1069;153;5828;1289;236;261;;;279;1867;4627;3799;2966;2;2342;24;2918;985;248;757;1215;4064;3497;;7902;;;;;153;3;6863;9619;;33;;103;188;133;587;1285;;13;2533;2435;2304;1725;1377;2392;2098;3957;3
2021;40141;11169;5146;1268;558;38;3226;779;39;114;;1;179;1049;2785;2587;1983;1;150;24;2411;553;130;436;708;2556;2204;;4542;;;;;38;2;4683;6336;1;;;29;21;12;5;80;;2;1084;1450;1505;1081;853;1516;1395;2282;3
2022;40122;6310;2910;582;240;32;1950;486;35;74;;1;65;605;1542;1221;968;;793;4;1112;458;85;237;352;1233;1178;;2733;;;;;32;2;2275;3242;7;44;;62;46;100;10;515;;9;744;694;751;622;465;759;706;1566;3
2022;40124;4232;2049;335;215;27;1176;338;61;30;1;;40;355;749;799;766;;706;13;804;418;60;155;223;849;669;;1829;;;;;27;2;1486;2040;;24;;43;21;210;55;337;;16;406;487;513;444;315;444;490;1130;3
2022;40126;5385;2452;478;217;28;1629;481;54;46;;;50;576;1185;999;952;;623;10;990;491;87;210;302;1067;936;;2259;;;;;28;5;2000;2762;18;25;;51;40;112;146;226;;5;555;628;603;545;354;627;604;1464;5
2022;40127;15848;6454;2109;932;75;5007;1001;65;204;;1;267;1820;3964;3277;2515;2;1198;25;2780;1058;221;714;1085;3707;2913;;6074;;;;;75;1;5604;9046;5;18;;116;113;130;358;452;1;5;1418;1621;1805;1518;1155;1842;2070;4415;4
2022;40128;18431;7457;2422;1013;65;5885;1270;83;235;;1;276;1817;5062;3798;2690;;1884;18;2886;924;254;739;1169;4104;3471;;7701;;;;;65;4;6351;10196;4;5;;65;76;283;748;636;;67;1545;2227;2262;1890;1434;2253;2273;4542;5
2022;40131;14760;6196;1891;699;78;4561;1084;71;180;;;218;1544;3798;2867;2236;;1559;18;2520;796;240;646;1063;3200;2722;;6013;;;;;78;2;5207;7994;2;1;;54;55;70;17;1353;;7;1381;1507;1759;1575;1144;1718;1842;3832;2
2022;40141;11122;5038;1268;530;48;3123;954;50;110;;1;169;1028;2726;2548;2022;;149;27;2453;545;124;381;656;2379;2079;;4908;;;;;48;2;4693;6280;1;;;28;20;15;5;77;;3;990;1303;1415;1326;866;1304;1397;2518;3
2023;40121;4145;1766;333;145;39;1320;416;73;53;;;39;397;789;752;628;;778;12;750;370;56;152;196;709;627;;1994;;;;;39;2;1382;1985;10;4;;54;48;137;35;461;;29;404;470;527;466;321;376;421;1154;6
2023;40122;6122;2784;574;214;41;1766;613;62;67;;1;68;573;1509;1178;995;;670;8;1121;448;81;214;303;1091;1094;;2848;;;;;41;2;2253;3199;7;50;;61;42;103;11;387;;9;600;662;739;638;536;635;693;1616;3
2023;40124;4185;2007;341;200;40;1094;400;71;32;;;34;344;731;777;763;;684;17;835;398;60;143;201;762;639;;1940;;;;;40;2;1468;2033;;24;;44;22;192;51;338;;13;364;457;477;473;373;391;463;1184;3
2023;40128;18978;7423;2556;962;122;5849;1726;109;230;;1;269;1864;5039;3811;2773;;2268;22;2932;918;241;683;1077;3918;3371;;8644;;;;;122;4;6446;10264;4;5;;67;75;292;968;744;;113;1574;2050;2285;2173;1589;2049;2249;5004;5
2023;40129;9869;4088;1405;525;44;2874;782;40;110;;1;177;1035;2601;2265;1766;;407;16;1602;597;127;394;633;2164;1789;;4119;;;;;44;2;3717;5745;3;;;42;35;38;53;228;;8;758;857;1079;1122;830;1071;1274;2875;3
2023;40133;20871;8826;2596;958;149;5980;1972;106;284;;;309;2163;5149;4912;3336;;1200;14;3788;1031;238;655;1088;4213;3784;;9712;;;;;149;1;7821;11850;1;;;75;108;47;351;601;;17;2121;2102;2425;2407;1819;2256;2525;5211;5
2023;40141;11113;4962;1265;506;60;2956;1174;71;118;;1;184;1017;2651;2541;2083;;135;31;2471;549;114;329;578;2174;1986;;5321;;;;;60;2;4702;6276;1;;;28;18;9;4;71;;4;1013;1067;1395;1436;1002;1205;1243;2749;3
2024;40127;16177;6269;2147;830;128;4876;1546;186;195;;;270;1810;3946;3233;2640;1;1389;30;2858;1062;206;585;933;3284;1617;1052;5807;;1460;42;;128;1;5698;9090;97;11;;108;121;134;482;417;;19;1550;1369;1585;1684;1447;1559;1843;5136;4
2024;40129;9908;4032;1413;482;62;2814;943;52;109;;1;178;1018;2536;2280;1828;;391;16;1661;592;126;367;567;2002;1063;666;3490;1;949;21;;62;2;3755;5762;5;;;41;33;39;52;212;;9;812;783;989;1099;950;993;1248;3031;3
2024;40131;15349;6369;1895;638;126;4249;1791;110;170;1;;231;1518;3641;2869;2365;;2138;20;2567;787;210;519;853;2725;1542;1021;6139;;1386;39;;126;2;5269;7942;8;;;55;47;81;10;1923;;14;1935;1233;1558;1588;1512;1572;1644;4305;2
2024;40135;5065;2307;418;189;86;1263;678;80;44;;;60;435;1026;1129;1019;1;206;8;1181;295;37;127;198;845;482;312;2106;;558;19;;86;;2080;2779;4;;;24;20;55;2;95;;6;495;519;594;641;521;528;521;1245;1
2024;40137;12630;5649;1147;461;108;3191;1811;164;99;;;157;1187;2885;2586;2539;1;480;41;2754;681;128;322;464;2084;1228;852;5367;1;1344;49;;108;2;5384;6766;4;1;;52;45;73;23;267;1;14;1249;1261;1502;1598;1319;1308;1358;3032;3
2024;40138;20151;7742;2214;873;367;5458;2954;299;244;;;261;2094;4310;3786;3251;;3341;31;3077;939;220;551;951;3337;1870;1242;8688;;1939;43;1;367;3;6993;9817;7;36;;79;136;118;1377;1516;;72;3069;1841;2233;2270;1791;1895;2083;4966;3
2024;40139;21667;9082;2819;1108;125;5663;2447;150;269;2;2;258;1957;5373;4660;3772;;500;35;5112;1026;215;596;952;3927;2254;1570;8650;1;2287;57;;125;7;8864;12303;17;76;;63;60;79;10;185;;10;1961;1868;2517;2661;2313;2306;2530;5501;10
2019;40122;6439;3130;573;320;4;2213;194;4;;;1;62;630;1602;1220;974;1;848;6;1096;484;101;356;497;1710;1367;;1918;;;;;4;2;2283;3308;7;45;;70;59;109;9;549;;;866;739;650;514;627;976;666;1398;3
2019;40123;4029;2071;299;174;2;1321;155;7;;;;44;385;1052;823;701;;404;17;603;412;83;216;290;1028;799;;1195;;;;;2;4;1515;2110;5;1;;34;26;84;29;224;1;;468;534;382;316;383;575;404;963;4
2019;40125;5297;2703;359;201;6;1820;201;6;;;1;43;462;1112;1070;894;;680;5;1031;499;94;264;426;1302;1122;;1581;;;;;6;3;2128;2489;4;2;;46;47;225;38;318;;;660;683;489;430;524;759;521;1228;3
2019;40126;5563;2623;444;287;6;1986;206;10;;1;;47;616;1326;1058;947;;683;6;880;493;100;301;445;1442;1123;;1648;;;;;6;5;2062;2818;18;47;;57;49;120;140;252;;;699;710;488;432;558;808;574;1289;5
2019;40127;15867;7021;1981;1195;23;5231;400;15;;;1;311;1575;4231;3197;2316;1;1443;14;2779;1081;265;990;1490;4380;3155;;4482;;;;;23;1;5448;8976;6;30;;113;117;128;417;631;1;;2088;1849;1362;1208;1467;2401;1921;3566;5
2019;40128;17782;7598;2252;1275;11;6112;520;13;;;1;286;1762;5123;3517;2481;;1777;11;2825;944;268;964;1546;4948;3753;;5344;;;;;11;4;6112;9893;6;7;;62;91;234;728;647;2;;2303;2331;1672;1439;1770;2712;2016;3534;5
2019;40132;15163;6737;1863;1214;3;4970;369;7;;;;295;1409;4337;3073;2210;1;1248;10;2580;769;207;777;1213;3986;3340;;4866;;;;;3;2;5392;8523;1;;;51;81;48;386;681;;;2136;1945;1713;1290;1452;2242;1645;2738;2
2019;40133;20637;9432;2373;1353;13;6795;657;13;;1;;348;2068;5705;4536;2952;2;1357;10;3659;1097;290;990;1676;5684;4402;;6484;;;;;13;1;7541;11739;1;;;75;123;58;304;796;;;2951;2574;2105;1649;2029;3149;2307;3868;5
2019;40135;5011;2521;412;263;11;1548;249;7;;;;71;434;1169;1090;919;1;209;4;1114;318;54;215;352;1241;1120;;1699;;;;;11;1;2071;2731;;2;;31;21;61;2;92;;;711;715;532;449;516;710;488;889;1
2019;40137;12561;6293;1170;632;12;3856;587;11;;;;141;1158;3216;2617;2356;1;482;26;2564;716;160;579;881;3288;2813;;4110;;;;;12;2;5248;6831;2;1;;80;58;74;28;238;1;;1685;1722;1373;1091;1298;1836;1292;2261;3
2019;40138;20021;8236;2152;1354;27;7527;666;59;;;;268;1881;4797;3836;2803;3;3633;17;2783;1023;296;937;1587;4999;3973;;7176;;;;;27;3;6692;9696;;34;;110;235;413;1663;1178;;;3758;2550;1940;1529;1825;2795;1978;3643;3
2019;40139;21381;9978;2603;1655;14;6437;681;11;;;2;282;2040;5769;4386;3396;;498;24;4986;1103;272;1107;1676;5953;4705;;6544;;;;;14;7;8462;12421;;49;;96;70;95;10;178;;;2728;2789;2271;1758;2202;3242;2429;3952;10
2020;40127;15803;6862;2047;1019;35;5100;528;45;166;;1;259;1686;4173;3245;2406;1;1217;18;2798;1082;242;887;1345;4182;3085;;4944;;;;;35;1;5544;9042;6;28;;117;108;123;251;583;1;;1749;1859;1543;1185;1312;2256;2073;3821;5
2020;40131;14780;6423;1811;746;36;4878;726;23;137;;;218;1532;3916;2852;2086;;1699;15;2462;812;252;753;1260;3743;2889;;5033;;;;;36;2;5174;7907;2;1;;68;63;64;26;1474;;1;1733;1826;1639;1183;1210;2044;1868;3275;2
2020;40132;14943;6517;1897;962;10;4867;463;14;213;;;318;1401;4218;3107;2242;1;1018;12;2626;767;203;656;1039;3692;3145;;5429;;;;;10;2;5449;8476;;;;47;68;49;275;576;;3;1863;1931;1782;1358;1275;2113;1774;2845;2
2020;40133;20779;9307;2418;1129;52;6717;884;31;240;1;;431;2153;5653;4583;3028;2;1184;10;3735;1090;273;893;1538;5329;4241;;7362;;;;;52;1;7635;11960;1;;;76;118;54;276;659;;;2688;2586;2309;1731;1742;2967;2572;4179;5
2020;40134;8236;4045;823;379;4;2468;433;12;72;;;94;909;2321;1734;1394;;243;11;1530;472;99;363;559;2153;1744;;2840;;;;;4;2;3351;4642;1;;;39;34;67;7;95;;;910;1086;915;708;703;1222;1018;1672;2
2020;40136;5370;2596;307;156;36;1799;427;20;29;;;96;355;1171;1230;1128;;332;13;1045;440;83;233;317;1040;1053;;2167;;;;;36;1;2300;2738;1;;;28;16;41;12;234;;;676;840;699;464;422;624;527;1114;4
2020;40141;11195;5323;1248;566;21;3315;589;24;108;;1;178;1068;2841;2523;2023;1;160;20;2381;560;139;498;797;2813;2334;;4031;;;;;21;2;4652;6383;1;;;34;24;13;5;81;;2;1306;1418;1404;965;962;1588;1374;2175;3
2020;ND;532;409;34;11;;76;;;1;;1;;3;74;100;95;;70;10;180;202;46;82;77;119;;;;;;;;;6;153;309;1;8;;8;3;29;4;17;;;;;;;;;98;427;7
2021;40121;4165;1864;324;173;21;1419;268;42;54;;;48;386;881;780;603;;732;7;728;382;66;192;257;825;714;;1705;;;;;21;3;1411;2022;10;2;;56;53;145;33;416;;17;476;558;513;358;281;474;452;1046;7
2021;40123;3954;1955;312;134;17;1191;278;26;41;;;45;368;958;804;714;;409;19;637;386;72;165;219;835;702;;1554;;;;;17;4;1466;2079;4;1;;35;23;78;23;242;1;2;435;482;480;346;286;481;443;997;4
2021;40125;5146;2584;339;173;23;1597;354;46;29;;1;51;417;989;1054;860;;655;9;1111;476;86;196;336;1039;982;;2005;;;;;23;3;2071;2420;4;4;;45;42;221;28;308;;3;566;670;609;417;363;659;566;1293;3
2021;40133;20719;9061;2520;1079;116;6431;1159;60;292;1;;487;2098;5556;4694;3097;2;1037;11;3737;1067;257;795;1359;4864;4137;;8123;;;;;116;1;7667;12015;1;;;77;116;54;177;605;;7;2262;2603;2468;1961;1568;2856;2578;4418;5
2021;40135;5080;2456;420;219;33;1470;405;29;48;;;64;434;1147;1122;952;1;180;5;1175;321;42;160;255;1076;993;;2199;;;;;33;1;2111;2789;;2;;24;20;53;1;79;;1;559;750;662;492;417;638;593;968;1
2021;ND;474;366;31;10;;66;;;;;1;;;59;91;74;;65;12;173;194;42;70;62;100;;;;;;;;;6;131;278;1;8;;6;3;27;4;16;;;;;;;;;48;419;7
2022;40123;3932;1925;314;125;22;1129;336;40;41;;;43;366;919;791;731;;408;18;656;380;73;162;190;774;672;;1656;;;;;22;3;1459;2065;3;1;;33;21;62;17;261;1;9;395;457;435;419;287;429;443;1064;3
2022;40125;5058;2514;329;164;33;1521;411;56;29;;1;43;421;922;1045;858;;638;9;1122;471;85;171;305;957;903;;2130;;;;;33;3;2064;2356;4;4;;42;42;214;31;295;;6;486;604;622;499;372;557;570;1345;3
2022;40129;9841;4141;1401;545;34;2980;597;30;112;;1;166;1010;2660;2265;1716;;458;13;1553;605;132;433;673;2283;1864;;3815;;;;;34;2;3699;5684;3;;;42;40;37;93;239;;4;793;1002;1145;1005;782;1221;1296;2594;3
2022;40132;14914;6255;1892;860;57;4644;928;60;218;;;300;1484;3969;3336;2336;;782;15;2692;743;186;529;872;3222;2859;;6444;;;;;57;2;5583;8549;;;;47;54;41;188;441;;11;1366;1719;1900;1646;1234;1764;1874;3409;2
2022;40133;20467;8863;2547;1006;105;6031;1532;76;307;;;297;2091;5366;4739;3205;;1011;9;3749;1038;245;721;1185;4437;3951;;8784;;;;;105;1;7718;11738;1;;;78;115;49;226;530;;12;2086;2331;2495;2174;1613;2501;2554;4708;5
2022;40134;8095;3875;795;357;27;2236;686;35;84;;;92;856;2095;1789;1490;;226;17;1530;463;88;267;462;1770;1548;;3468;;;;;27;2;3365;4504;1;;;27;35;57;10;96;;;746;910;1018;894;648;960;1005;1912;2
2022;40136;5410;2500;303;140;82;1642;633;74;36;;;92;406;1156;1128;1240;1;282;17;1088;438;79;231;309;861;904;;2505;;;;;82;1;2289;2839;1;;;23;14;43;11;187;;3;606;691;756;556;390;558;515;1335;3
2022;40137;12518;5849;1156;514;61;3485;1247;99;107;;;146;1123;3052;2626;2448;;498;39;2586;690;132;377;591;2452;2400;;5813;;;;;61;2;5308;6712;1;1;;66;51;70;23;279;1;6;1207;1599;1674;1458;1068;1482;1369;2658;3
2022;40139;21544;9360;2786;1234;68;6100;1617;88;289;;2;277;1977;5553;4651;3510;;495;30;5051;1061;237;761;1144;4634;4189;;9443;;;;;68;7;8707;12342;;84;;77;66;73;11;178;;6;1868;2578;2757;2485;1793;2666;2610;4777;10
2022;ND;433;339;29;9;;55;;;;;1;;;32;91;74;;65;12;159;188;40;63;51;86;;;;;;;;;5;117;251;1;8;;6;3;27;4;16;;;;;;;;;7;420;6
2023;40123;3923;1893;327;116;27;1043;424;55;38;;;52;379;839;806;738;;411;19;679;380;73;152;172;713;592;;1811;;;;;27;3;1440;2072;3;1;;34;18;59;18;262;1;15;349;458;437;436;319;354;421;1146;3
2023;40126;5381;2425;473;207;43;1534;580;73;46;;;48;539;1185;1005;938;;636;13;1017;485;90;192;263;993;880;;2430;;;;;43;5;1979;2766;18;22;;49;39;110;150;239;;9;562;550;615;563;394;552;578;1562;5
2023;40132;14891;6076;1911;815;91;4456;1236;93;213;;;300;1415;3897;3417;2308;;799;18;2737;728;164;483;799;3034;2724;;6866;;;;;91;2;5602;8490;;;;43;58;38;264;378;;18;1430;1381;1856;1716;1341;1629;1840;3696;2
2023;40136;5330;2432;300;131;108;1493;748;86;32;;;78;409;1019;1138;1198;1;311;19;1157;431;73;181;230;790;826;;2690;;;;;108;1;2262;2757;1;;;24;13;43;10;218;;2;550;687;733;615;438;490;487;1327;3
2023;40138;19746;7782;2211;919;324;5722;2102;432;254;;;246;2034;4421;3756;3163;;3068;31;3027;967;222;609;1019;3631;3270;;9701;;;;;324;3;6951;9727;;36;;87;163;121;974;1629;;58;2480;2207;2415;2218;1611;1950;2163;4699;3
2023;40139;21579;9254;2772;1174;89;5879;2017;115;277;;2;259;2003;5419;4661;3643;;498;33;5063;1042;230;676;1043;4298;4031;;10163;;;;;89;7;8747;12334;;78;;73;65;79;10;185;;8;1826;2101;2745;2632;2047;2434;2497;5287;10
2023;ND;399;313;25;9;;51;;;;;1;;;26;77;66;;64;11;155;185;38;53;44;74;;;;;;;;;5;102;233;1;8;;6;3;27;4;15;;;;;;;;;;393;6
2024;40124;4145;1951;337;190;52;988;501;96;30;;;32;315;711;781;762;;674;16;854;392;54;126;182;713;361;207;1705;1;327;23;;52;2;1434;2037;3;27;;40;22;201;52;314;;15;424;398;441;453;386;381;424;1235;3
2024;40125;5053;2456;335;141;51;1326;612;100;31;;1;57;390;868;943;933;;678;14;1170;469;86;152;267;782;491;284;2002;;439;27;;51;3;2043;2332;23;4;;46;33;210;30;318;;14;505;488;561;547;453;459;521;1516;3
2024;40128;19325;7301;2485;940;477;5622;2150;127;222;;1;260;1882;4933;3822;2872;;2569;25;2962;913;231;616;983;3614;1965;1242;7344;;1898;38;;477;4;6514;10242;12;5;;60;72;304;1234;719;;163;1932;1935;2058;2176;1812;1920;2226;5261;5
2024;40133;21469;8851;2649;915;204;5891;2542;140;273;4;;285;2149;4951;5004;3444;;1826;16;3794;1019;229;598;972;3836;2217;1375;8867;1;2086;64;;204;1;7839;11804;4;;;67;104;46;431;1142;;32;2315;2101;2434;2451;2097;2140;2409;5517;5
2024;40141;11130;4887;1255;466;81;2823;1403;90;124;;1;170;984;2664;2474;2153;;166;32;2487;541;106;303;484;2042;1106;752;4508;;1166;39;;81;2;4770;6194;13;;;27;18;12;4;82;;10;1044;1027;1270;1341;1187;1149;1197;2912;3
2019;40121;4092;1910;298;209;7;1512;144;12;;;;46;380;952;758;616;;682;7;651;383;83;227;319;974;790;;1306;;;;;7;3;1422;1988;12;;;53;56;123;37;401;;;548;577;359;310;358;569;396;968;7
2019;40124;4423;2227;352;261;4;1407;164;8;;;;43;346;965;812;750;;785;11;711;437;71;258;369;1102;840;;1340;;;;;4;2;1528;2110;;64;1;46;28;266;57;323;;;520;570;454;318;412;629;451;1066;3
2019;40131;15018;6560;1917;896;14;5095;517;18;;1;;196;1610;3864;2812;2100;;2035;15;2386;824;265;866;1408;4007;3033;;4599;;;;;14;2;5089;7894;3;1;;71;65;63;22;1810;;;2117;1795;1482;1148;1429;2263;1660;3122;2
2019;40134;8124;4033;819;448;4;2482;337;1;;;;98;866;2330;1724;1352;;248;9;1497;476;104;407;617;2323;1796;;2395;;;;;4;2;3265;4611;1;;;45;35;62;7;98;;;963;1059;822;696;827;1292;895;1568;2
2019;40141;11223;5362;1270;714;3;3396;469;8;;;1;173;1040;2928;2513;2009;1;166;20;2373;568;154;569;890;3066;2469;;3502;;;;;3;2;4639;6418;1;;;34;24;17;5;84;1;;1387;1547;1144;959;1126;1757;1246;2054;3
2019;ND;586;444;38;14;;89;;;;;1;;3;99;106;108;;71;9;190;210;51;96;92;131;;;;;;;;;6;167;348;1;8;;8;3;30;4;17;;;;;;;;10;120;449;7
2020;40121;4113;1906;298;175;14;1456;196;21;47;;;49;365;933;761;619;;695;7;684;376;76;206;283;900;776;;1479;;;;;14;3;1421;1997;11;;;56;53;135;35;401;;4;529;551;442;322;300;520;464;978;7
2020;40122;6359;3069;571;266;7;2106;274;12;53;;1;65;635;1582;1181;1007;;767;6;1116;483;93;316;444;1517;1314;;2183;;;;;7;2;2300;3292;7;45;;71;53;106;7;477;;1;789;755;692;528;532;900;710;1450;3
2020;40123;4044;2024;303;143;10;1317;199;16;32;;;45;374;1023;822;697;;444;15;624;397;78;192;254;950;769;;1390;;;;;10;4;1484;2116;5;1;;35;27;81;28;266;1;;462;494;469;321;320;525;480;969;4
2020;40124;4298;2152;328;231;7;1320;216;17;27;;;43;362;836;823;746;;739;11;738;426;66;206;280;991;781;;1539;;;;;7;2;1517;2042;;39;;45;26;222;56;339;;12;474;564;502;352;321;591;445;1046;3
2020;40125;5198;2636;348;176;13;1723;264;13;24;;1;48;427;1042;1055;890;;657;6;1073;485;91;219;383;1146;1068;;1790;;;;;13;3;2083;2458;4;3;;45;45;224;29;307;;;598;663;588;418;431;681;554;1262;3
2020;40129;9980;4389;1401;567;13;3155;339;14;101;;1;176;1006;2852;2318;1529;;521;6;1572;640;131;526;864;2674;2020;;3110;;;;;13;2;3696;5763;3;;;47;41;93;91;246;;;1002;1140;1061;842;801;1514;1271;2346;3
2020;40137;12610;6201;1163;550;22;3778;772;29;95;;;147;1149;3142;2665;2383;1;490;29;2604;720;149;509;766;2985;2688;;4769;;;;;22;2;5340;6780;1;1;;77;61;72;27;249;1;1;1543;1758;1563;1141;1089;1726;1435;2352;3
2020;40139;21527;9880;2694;1398;34;6302;936;31;250;;2;293;1969;5756;4512;3394;;523;24;5056;1105;259;975;1431;5460;4581;;7675;;;;;34;7;8570;12434;;82;;97;69;86;10;179;;;2549;2815;2548;1902;1879;2989;2716;4119;10
2021;40122;6220;2908;581;253;16;1975;391;29;66;;1;74;631;1552;1202;1008;;629;4;1120;461;87;266;390;1358;1248;;2392;;;;;16;2;2296;3295;7;44;;64;52;97;9;352;;4;682;778;681;583;452;892;693;1456;3
2021;40124;4271;2094;332;223;19;1258;274;38;32;1;;50;340;811;810;762;;716;12;770;410;61;170;252;923;705;;1729;;;;;19;2;1515;2040;;30;;47;24;219;52;338;;6;452;550;522;407;265;537;471;1064;3
2021;40126;5405;2497;481;222;22;1724;379;33;46;1;;47;614;1236;1003;956;;603;10;936;494;90;230;332;1171;1003;;2058;;;;;22;5;2014;2788;18;27;;57;44;112;141;203;;1;558;688;627;441;402;689;629;1366;5
2021;40128;17962;7432;2357;1044;52;5839;964;53;220;;1;285;1822;5121;3721;2597;;1485;15;2916;934;249;780;1256;4344;3552;;6791;;;;;52;4;6315;10162;4;6;;62;80;229;492;579;;33;1666;2317;2153;1634;1348;2540;2234;4065;5
2021;40134;8176;3955;787;374;21;2360;562;29;88;;;92;865;2277;1707;1463;;245;14;1513;475;98;305;503;1921;1647;;3204;;;;;21;2;3352;4579;1;;;32;34;68;8;102;;;849;1014;1012;780;615;1111;1039;1754;2
2021;40136;5399;2527;297;151;67;1724;545;49;39;;;95;404;1201;1201;1152;1;277;16;1052;438;77;247;328;922;974;;2345;;;;;67;1;2300;2822;1;;;24;16;39;11;186;;;679;784;693;516;362;607;531;1223;4
2021;40137;12600;6025;1171;532;41;3627;1043;55;106;;;149;1160;3085;2679;2413;;489;35;2590;707;136;423;678;2671;2536;;5406;;;;;41;2;5346;6765;1;1;;73;55;69;24;263;1;2;1321;1804;1661;1317;979;1688;1373;2454;3
2021;40139;21565;9635;2749;1334;59;6172;1270;59;285;;2;278;2007;5658;4639;3396;;503;25;5059;1086;250;826;1250;5041;4402;;8644;;;;;59;7;8659;12403;;89;;80;68;72;10;183;;1;2081;2832;2754;2220;1667;2994;2611;4396;10
2022;40121;4143;1813;321;163;34;1354;349;55;54;;;52;366;845;765;628;;746;9;732;376;63;173;216;753;660;;1866;;;;;34;2;1399;1998;10;4;;56;49;137;36;435;;19;471;513;530;410;285;397;447;1084;6
2022;40135;5093;2428;425;197;49;1415;482;46;51;;;67;449;1093;1146;959;;189;5;1185;306;42;152;232;1010;933;;2369;;;;;49;;2105;2799;;;;28;20;54;1;85;;1;510;674;672;573;409;600;556;1098;1
2022;40138;19449;7804;2169;1014;183;5831;1647;518;283;;;265;1870;4534;3770;3026;2;2988;26;2968;972;237;675;1101;3834;3374;;9070;;;;;183;3;6877;9584;;33;;92;177;128;1103;1427;;28;2573;2469;2395;1967;1427;2144;2201;4270;3
2023;40125;5057;2485;340;156;44;1418;505;79;29;;1;52;383;920;1002;913;;639;11;1137;465;85;162;283;888;846;;2281;;;;;44;3;2067;2351;4;4;;44;39;207;31;302;;8;419;570;595;570;377;519;558;1446;3
2023;40127;16018;6460;2102;882;120;4901;1230;119;203;;1;275;1838;3988;3240;2594;2;1231;27;2823;1057;208;680;1048;3539;2778;;6587;;;;;120;1;5637;9150;4;13;;110;112;133;427;412;1;19;1336;1450;1758;1670;1299;1655;1929;4917;4
2023;40131;15239;6321;1911;666;117;4548;1410;80;186;;;223;1528;3684;2859;2337;;2056;21;2531;783;222;558;942;3041;2632;;6942;;;;;117;2;5200;7983;2;;;53;47;76;13;1848;;17;1738;1338;1676;1674;1346;1587;1778;4100;2
2023;40134;8106;3785;807;346;39;2160;826;58;85;;;99;834;2069;1777;1533;1;219;18;1556;467;82;242;428;1641;1477;;3728;;;;;39;2;3389;4498;1;;;28;35;55;7;93;;;670;844;962;980;710;880;954;2104;2
2023;40135;5094;2373;417;185;68;1365;580;59;47;;;59;446;1053;1131;993;1;198;7;1206;298;40;139;224;921;872;;2532;;;;;68;;2074;2822;;;;27;21;52;1;92;;5;458;584;699;622;462;535;527;1206;1
2023;40137;12603;5756;1156;489;80;3393;1508;118;103;;;162;1157;2949;2630;2534;1;492;42;2636;687;129;344;532;2307;2252;;6270;;;;;80;2;5330;6781;1;1;;60;48;71;23;279;1;8;1159;1353;1704;1541;1207;1348;1389;2899;3
2024;40121;4156;1733;332;139;50;1250;499;104;49;;;43;366;747;720;601;;930;11;738;365;60;131;184;650;363;215;1746;;367;24;;50;1;1329;1897;139;4;;54;38;134;36;487;;38;438;477;475;474;351;347;388;1200;6
2024;40122;6157;2756;583;210;52;1665;752;82;56;;1;66;565;1431;1175;1056;;724;10;1130;429;76;193;276;977;649;381;2565;;533;24;;52;2;2269;3164;11;50;;53;41;100;10;442;;17;645;626;677;700;561;597;718;1630;3
2024;40123;3853;1842;313;114;37;941;502;64;40;;;35;353;771;795;751;;408;21;719;381;73;138;154;650;346;193;1575;1;286;18;;37;1;1420;2025;12;1;;34;16;50;17;255;;23;386;401;414;380;356;332;390;1191;3
2024;40126;5300;2369;468;182;57;1392;690;88;54;;;44;521;1103;1013;918;;650;15;1036;468;88;178;228;892;493;297;2122;;452;20;;57;5;1918;2732;19;22;;50;38;112;148;249;;12;548;564;536;528;492;462;554;1611;5
2024;40132;15084;6016;1954;772;117;4266;1631;131;197;;;284;1487;3764;3484;2415;;844;18;2788;718;165;437;725;2824;1528;1034;5981;;1518;35;;117;2;5691;8549;7;;;41;66;38;302;372;;18;1621;1305;1643;1747;1484;1562;1704;4016;2
2024;40134;8072;3670;807;319;56;2038;1016;78;88;;;84;824;1998;1817;1533;1;234;22;1559;466;82;217;383;1493;801;548;3181;1;812;30;;56;2;3372;4466;11;;;32;34;52;8;97;;;750;764;857;960;835;803;880;2221;2
2024;40136;5317;2419;277;114;137;1333;872;139;26;;;81;376;1014;1143;1156;1;308;19;1219;423;70;173;208;713;442;287;2367;;468;28;;137;1;2262;2747;5;;;23;10;40;12;214;;4;584;622;683;648;486;442;474;1375;3
2024;ND;365;287;23;8;;46;;;;;1;;;;;;;365;;;177;34;45;40;61;;;;;4;;;;4;;;365;;;;;;;;;;;;;;;;;359;6
